day,mean_nav,p5_nav,p95_nav
0,583.6112999999923,583.6113,583.6113
1,583.8233157588602,575.1541465712804,592.9469881825374
2,583.8621058789623,571.5727503818316,596.450412481626
3,584.0136760492675,568.7331498729651,599.2607879316691
4,583.93592225212,567.236070238582,601.5943742802531
5,584.1651764406005,565.2918720526322,603.971033029331
6,584.3326545432402,563.2344336982814,606.197149701476
7,584.3422121024666,561.2042976022542,607.6148983282794
8,584.572977934882,558.8070502020148,608.6846556348077
9,584.5698425560621,557.6640887491553,611.4714353254457
10,584.6199850278698,557.4152612340564,612.7251406519904
11,585.0645238257899,556.2250845051735,615.1018038716745
12,585.1618114923581,554.7663697745766,617.5785525873335
13,585.1749958140218,554.134605872933,618.6983585767475
14,585.0038434610399,552.713736337822,620.9376823498113
15,585.0796182554487,551.7501982502818,622.2490777045757
16,585.0785241911607,550.2148387024849,623.1799162864909
17,585.0130124827633,548.6456221318164,625.5321587058442
18,584.9466177506602,548.7071004673138,624.2826193577939
19,585.1947069891182,547.7458984814826,625.8428782744165
20,585.4903505492248,547.7262549035956,629.1177281235402
21,585.4956074793574,546.876469782048,629.1666796700137
22,585.7387140709684,544.4702470340821,628.171485444835
23,585.7028319596321,545.4937083282308,627.7569457809278
24,585.8208363139336,543.8211004534095,631.7366449381522
25,585.8571344341271,544.294594051009,633.0063535607944
26,585.7812697372599,543.5213086779311,633.8783328461917
27,586.0416994109248,543.349829705234,634.804734561941
28,586.0547804652891,541.951634686218,636.0507512003585
29,585.7119727075021,539.1094965725229,634.6929716675596
30,585.6657901483503,539.1729560308466,635.5871568336729
31,585.7019130717734,537.7465512167823,635.2832913872919
32,585.5874266500762,538.3556597087559,635.8575157032078
33,585.6648667204911,536.3502834468501,637.0403529023172
34,585.74383805612,536.7425999921932,637.9519428814265
35,585.6294653355656,536.6176286565487,640.7082278176329
36,585.8005963826771,535.9313941522911,639.9875682203887
37,585.8064333511244,535.969839247238,641.2098257602569
38,586.051966732771,534.7390368108727,641.7042505609319
39,586.2978015953387,534.9542838616994,642.4554814709956
40,586.3524185409483,534.1938191518349,645.420810947388
41,586.2478136711452,533.3244971435486,645.759439680218
42,586.4668225706184,533.1702819933878,645.872740590536
43,586.5732325423146,532.5476086161935,646.1674126583625
44,586.8873707764001,532.2412474294733,647.5497993933037
45,587.2410382085944,531.0851501161039,649.6581417363193
46,587.2048516746145,531.6481036557828,650.9069107799895
47,587.3669353800782,530.6517261553845,651.7289674392956
48,587.6573251386708,530.6077852148534,653.0948273046997
49,587.4912061906726,528.9475282247564,653.7310342002144
50,587.2829249466017,529.681265401514,653.866776815526
51,587.467675937466,527.3908897688849,651.9409037560114
52,587.7510600744824,527.8738267265761,654.7635321641366
53,587.7390933287799,526.4706333288656,655.5150384397768
54,587.5818917498655,527.4327318193382,657.6735608807063
55,587.8712775869155,528.072762001932,657.3755973249184
56,587.840280391713,524.7866644212509,660.235068522256
57,588.1531627201729,525.5372990943229,660.0970207031206
58,588.0904355413327,523.8332278403803,658.6945737988711
59,588.2665336210721,525.2735749635515,659.2797531922533
60,588.4440487450499,525.9916228185641,658.9837724183238
61,588.7171070897234,524.468889654745,660.4927421892412
62,588.8093165297422,523.4858230300014,662.489238295339
63,589.0196743365095,523.870566547384,662.9479626994618
64,589.1115684263281,521.7629720157985,665.0147937722004
65,589.0189688398406,521.8500122296821,665.5745351069853
66,589.0671905709667,522.1938247188506,666.0080073608389
67,589.5241887721044,521.4196164108636,665.6549952313596
68,589.6798147099264,520.5681778108295,667.0326306337125
69,589.5735718399991,518.7799979358219,666.9097342019895
70,589.543216731594,518.5315168370097,668.5067605905239
71,589.7753313465349,517.5523879298132,669.8912612089149
72,589.8480491554164,516.8817719407649,670.6544681129282
73,590.0563584509094,514.6267124615134,670.791803631541
74,590.0090280891131,516.7801039504881,671.9416443128307
75,590.4265808697708,515.7245173978224,673.3011710032039
76,590.3660038943657,515.4969323025189,676.3270795368909
77,590.4429174241325,513.2767642907012,675.5924879246892
78,590.4512581738992,515.2785268058913,675.4656884594623
79,590.6702048341147,516.2078338748674,677.5508045706177
80,590.5920488455287,515.4908786243352,678.9180871946784
81,590.8108423764437,515.8677778361581,676.9629350554766
82,590.9837983581018,515.9225196158721,677.4912031991813
83,591.3101970156005,516.8572862840242,677.2064315399701
84,591.3531131211394,515.5712864706602,676.4147261075946
85,591.4111374572051,512.6820144557871,676.6987775219845
86,591.727275661697,513.8761529662098,677.3780412553269
87,591.8185089977168,514.0966907572187,676.44105932326
88,591.9943226005614,512.676853535945,678.4732179647955
89,592.1185403347527,512.2738995277118,680.1662784849966
90,591.9120316149889,511.32422608122727,681.7221839432715
91,591.8715486786004,511.6797241196772,681.2538793720659
92,591.9951543950781,510.0450407023754,680.8554986528062
93,592.2831169185308,509.73091179505184,683.24178983586
94,592.5411961901553,511.64347321049894,684.8279879890468
95,592.7338045752238,507.6069413683182,685.5408016995985
96,592.9844705535328,508.6318384309181,687.0163712607039
97,593.0842163343045,507.55123016068893,687.4151708145506
98,593.3293110409825,507.45098588437276,689.5665244685053
99,593.5944191396181,507.5939342795336,691.6620009240725
100,593.5602989525487,506.3543328192037,691.8839107205736
101,593.5162396106106,507.8491387862651,691.4596229645481
102,593.6757732783386,506.14546070650374,691.7141779846996
103,593.65376709604,505.75071951321223,692.0035813777893
104,593.7699060337768,504.57597162202103,692.7626628694413
105,594.214414352346,503.8226569618009,695.4924995287776
106,594.266143292251,504.91933819967574,697.1693202035917
107,594.3474741013019,504.57875356779346,695.6022633998374
108,594.7689287879733,506.06383126993785,699.4017900104633
109,595.1566433092546,504.79016137221083,699.5430817594735
110,595.4345654153041,504.7802472018955,698.1162708848555
111,595.3187004676855,503.55476337433737,698.1860465453691
112,595.5153943530293,503.00214825539655,699.1772684555406
113,595.6171820297442,502.682859657079,702.0583516055088
114,595.4867437052618,502.33095017081155,703.1984450436184
115,595.484662875272,503.64384899713644,704.0735846819589
116,595.4423959632686,503.02748578926986,704.313883080858
117,595.6836968977409,503.1262458594006,703.4657792981188
118,595.7922791849741,501.81065602586006,704.6946835482881
119,595.5499131654798,502.70920094740666,704.1594086971303
120,595.8051917154241,501.44895701987593,699.6895111097947
121,596.0696826963238,500.7673777437417,703.1715285497273
122,596.1123325581857,499.943006806896,702.0825340087947
123,596.2269924808572,500.3053999199266,703.5315186743151
124,596.3843364995665,500.4234977355529,703.8754728224544
125,596.5258563573914,500.4184790127964,704.5609772369434
126,596.646825187184,499.62397436331554,708.1645553590956
127,596.6276500646408,498.8452249830835,707.1064987193029
128,596.9338630903724,498.92795644130007,708.6348322887189
129,596.8878624118067,499.7353974213598,707.6996268931931
130,596.8956673459263,501.06495784871146,709.5369341449267
131,597.1700308419477,501.14034983961966,710.0375730121752
132,597.3490600455691,499.35821393623024,713.0297520120952
133,597.859389002877,499.18655243798673,711.2022850709737
134,597.9197275351098,498.13023827853993,714.841017964232
135,598.2135022721292,498.03313196271773,717.832854605289
136,598.0356534617771,496.55062076793536,718.6678713283178
137,598.0281347255288,497.1082670521172,714.2430439411913
138,597.9833696033899,496.2981565482083,717.6770097264198
139,597.4428362146336,494.9160955517456,713.9128596698736
140,597.3714285991613,492.9994710674293,718.7572553043697
141,597.5271690236465,494.4900277552809,718.6813642614766
142,597.2293349483197,493.0895135093153,718.2017343597597
143,596.9139627220414,493.2888117923375,721.0238432213047
144,596.9031518595986,491.935402677423,720.5202156209183
145,597.0479575468617,490.8559174729418,720.3718417923566
146,597.2572978004009,491.36043795736504,718.2563785814165
147,597.7088280667388,492.82786931853076,720.9744728519715
148,597.7217736883267,490.9958091928335,720.5343925429662
149,598.0701462085701,491.83322887387834,724.9413379261647
150,598.0390706337021,490.74559557562077,724.4156493257924
151,598.2838543089049,490.1089280545614,730.8515869276051
152,598.2995998473931,492.9070735511818,731.8597129800781
153,598.3643166788041,492.6602498299725,730.5106599046832
154,598.845826632013,491.71660915569953,731.5888951669674
155,598.7376131186254,492.53653302323073,729.0454317092618
156,599.0411385050198,492.0276466182081,730.2758212626014
157,599.0774059965711,492.03821660563204,728.7472989548127
158,599.091613582263,491.0371848911353,728.4639892160835
159,599.2209048567744,489.4552604397445,726.9664536812045
160,599.2239781501983,489.3092035722313,726.4358364597963
161,599.7912720266344,488.90174219644615,728.6502021974311
162,600.0936495912547,489.68912358926735,728.8217560498769
163,600.4585097882475,490.9392253770134,728.9542036860255
164,600.4865343532211,491.1155167952652,728.5427013169237
165,600.7582373202857,489.2668517632772,732.853025575731
166,600.8192331923796,491.7714937677483,732.180915689053
167,600.936144482071,489.6582778868998,732.8709427881423
168,600.7961986046998,491.07049603706804,731.3574818333932
169,600.7772169510768,488.5018393604832,729.8793819888174
170,600.8579457325978,487.9437015982345,729.8540584483184
171,600.8645155290955,487.11638969461444,730.3946373145108
172,600.8994611551113,486.8585432896724,730.5664218812924
173,600.745451862422,487.09685359013855,727.0064468544329
174,600.4584056258752,489.2423024297959,725.7019090243394
175,600.5254840395959,487.1065945576996,725.9582927258555
176,600.9673110258951,488.28773189554215,727.7755041343243
177,600.8428248160031,486.9562099310262,726.8056096320875
178,600.8485723499186,487.52010518507797,724.0875514700905
179,601.1200788473749,487.25899408766446,726.6163711812903
180,601.2232214203393,487.1229010907425,726.9506719104149
181,601.6381228172661,489.1494602666908,727.3309441084184
182,601.4744206469321,487.28330168910014,726.803283452264
183,601.5317319068836,487.01048260210456,727.7116205070672
184,601.885212535317,487.3033211917254,730.4717855717132
185,602.2317549383226,486.5544891253944,728.7084413894455
186,601.9961405972921,485.4708466851397,731.5753721257786
187,602.0060667065886,489.1045054040947,732.3757190651329
188,602.1404217822973,488.49817822658645,731.8057916732995
189,602.1711368426811,487.6987499401966,730.2468818160444
190,602.4381163245084,485.63978629885463,728.5059617356003
191,602.5127338687297,485.9145911861235,731.8789216272544
192,602.7507075824778,485.34330158361416,736.9440279632665
193,602.7444090556046,485.34351032542014,736.2533941000459
194,602.7440782613962,485.15310186958965,736.0408015337896
195,602.7800344790895,486.0769655133245,738.294111026622
196,602.7763066343323,485.5643272693966,741.3553611892457
197,602.7149360224386,485.7801139358523,742.4467711510106
198,602.7276965514568,483.99185829722626,739.1769500689172
199,602.6810125399145,481.4888419727842,737.7303513987823
200,602.8228430859239,483.02008552209924,739.0083891234656
201,602.8279214097308,484.2102942082971,734.3529149986243
202,602.8380063028043,479.39226832136444,738.9658343077961
203,602.6012247562085,478.9242017673839,738.9054827593906
204,602.6587577348561,479.9479746493013,742.2230676861603
205,602.535464665615,479.86511606459163,743.5086857100277
206,602.7187524108008,481.2535632909767,745.709480525285
207,602.620575538426,478.86248868921894,744.8667091114664
208,602.6655465950888,477.8499540861121,747.4786611285516
209,602.7145373099505,477.9980610136469,748.2738267349392
210,603.1821700093678,480.4809217994732,745.8540831245714
211,603.5997483204798,480.6571966053645,746.617398418757
212,603.8067457984972,477.08488882074795,747.2407682373708
213,604.2398305362466,476.3341595601561,746.5308935604312
214,604.5732280058539,478.81309971331416,745.8655592566538
215,604.7696573430388,479.5527036897033,742.9031923149656
216,604.8242177473747,478.0808749316757,744.2063175039685
217,605.0956101878379,478.9818380797772,747.3557927579847
218,604.6824503593435,479.3311064917791,747.8291144720923
219,604.6830338746312,477.5830802253948,747.9791019941052
220,604.748714286943,478.1273173626521,747.5820089190458
221,605.0505210274139,478.50346255623134,746.366438579617
222,605.0277639979378,481.5181252106893,744.6945874376004
223,605.0087924834194,479.8247620066563,746.2401543581443
224,604.901655392494,478.77059602935253,745.5737340245089
225,605.0565031591258,480.3649817238699,745.9343001563135
226,605.0953188938312,477.5539925072001,746.4042288849987
227,605.4648753025081,478.40106462655996,748.148482519005
228,605.7220507417701,477.4458096954277,754.1594169636572
229,605.9297111635168,478.27237215336896,756.221572593502
230,605.8279731740636,476.87782026936065,757.3683896779196
231,606.1662387693385,475.14823711444035,754.3880861927007
232,606.1372729660297,475.74867367596056,753.5218319499849
233,606.2145226676698,476.8948980698339,758.268692625653
234,606.5366450210752,478.30840709025694,752.5261613147902
235,606.7479872051857,478.3100118853341,755.0927214343233
236,606.6698313750812,476.57121027534635,756.3926329253547
237,607.0736154088037,475.68916964231823,759.5156338995747
238,607.2011915598912,475.5962512261537,754.9815532153574
239,607.2823440498487,472.73850329979854,750.8617079363565
240,607.0137370806643,475.32856928022414,753.1585560826685
241,607.4809478735197,476.36303760124486,750.9664620331173
242,607.5379720786433,478.2225783031528,753.8572551263005
243,607.2595525260098,477.8685770563168,750.9386735890582
244,607.4237264623041,477.33247009611046,750.0784844706227
245,607.3172503373198,476.06694512647357,751.5389025753767
246,607.3183194803065,474.9232331381779,752.922082827181
247,607.2645854442925,474.4885772878055,755.4800841782478
248,607.4120708723405,474.4848803993561,750.8989125001959
249,607.324850369729,477.78853718575147,752.8410356072112
250,607.6270883048894,477.25626325176944,759.3703116292176
251,607.5665423339196,476.1121370886667,757.7928327046313
252,607.7631850361785,478.9775354893404,755.1125618388561
253,607.6330676939477,477.8137672607519,759.3124405501676
254,607.9191968134409,475.0949518714979,760.1570274295968
255,608.1084484502139,476.8774460584835,761.8071184781024
256,607.9023417918523,476.4102198550178,762.9884921412852
257,607.7114721437446,475.76141764170853,763.6185542059818
258,607.7372973916738,472.44368549085334,761.3270274486191
259,607.8874772412222,475.80915658708534,764.037438400128
260,607.8939547636608,472.1720671501574,761.5558654013269
261,607.7816594321695,472.0742307922621,764.4903661345679
262,607.9747842976684,473.82152188744533,766.349642600286
263,607.8312823672145,473.65907431377843,766.5943703264679
264,607.9049779599814,475.0411890925626,764.1058627907539
265,607.8091305046423,471.8643995614212,767.5730720100247
266,608.2790419424474,471.5182166658963,768.4458036510275
267,608.1924521338742,472.8810067223182,768.9873402177665
268,608.3776507535692,472.36656093493974,767.911082747856
269,608.4075701902881,472.31852787267974,766.4850146223253
270,608.4341025764556,472.7341663552836,766.2172402849288
271,608.616546657729,471.870363592485,768.144385151696
272,608.7130979983775,471.6649140218449,766.0047422537519
273,608.8737223619161,469.9339977039586,764.4379988946415
274,608.8014228878841,474.09477072289815,769.4397028319942
275,608.5977584922286,469.7789815633451,773.2777929352326
276,609.266783159487,470.3672573744004,774.5090512477304
277,609.291626521774,469.1800580033645,775.5421388856832
278,609.011517033647,469.1418955984615,772.6159033574277
279,609.198285316173,466.976612666111,776.2752145512851
280,609.0696314595757,467.4731338753496,773.2503497969637
281,609.2431764793685,468.94214790165347,779.2587544712907
282,608.9903499544812,469.9537496580227,773.4300080872496
283,608.9495205552034,466.94715165067413,771.5171365077422
284,608.8536191619221,467.13070723267674,769.9999256344436
285,608.6797798702455,469.30027076860364,768.1370350751238
286,608.7100373128837,470.00259020925176,772.5352554970164
287,609.2477900685524,468.873406931108,773.0533225800739
288,609.4444833158524,470.0298426293245,775.3320419781694
289,609.2628879874745,470.5139305352995,774.1454148851002
290,609.3106400049305,471.8077638419588,778.2601442417521
291,609.4047610787559,471.94006642744273,777.7196621063043
292,609.2526278034562,469.88342306806646,773.8921071623729
293,609.548019944123,469.6355731530453,778.5534615582675
294,610.0413922997708,470.7383287400016,773.2859849874644
295,610.2850292257046,472.5725328141889,769.3279794646563
296,610.3312462130798,473.5223786008062,767.7778603993204
297,610.4262269244897,470.27243239431965,768.4895675494191
298,610.8109564710645,467.49931338642574,771.1796887088586
299,611.0084017681847,468.62960432417583,769.4218454061742
300,610.9843615043353,467.0228310508861,773.3086458764258
301,611.2672468796553,469.0655538812556,778.4175502678864
302,611.1221142044383,467.47824439896493,777.9135042977597
303,611.1659959768851,468.1331480900706,775.8993636640074
304,610.8842867174887,467.20904540133586,775.6388538999955
305,611.1165594820919,466.8340398878839,778.2289834221812
306,611.2202821321048,467.60943015733716,779.7192782753211
307,611.370411274138,466.31797684051105,777.4338967481496
308,611.6067449874113,467.0591635728338,780.4432259651148
309,611.4876258259819,465.37220866497614,776.0372639495846
310,611.8087534483658,463.8408861875757,781.4437891006988
311,611.9833607086249,466.0423979473097,782.1634661097943
312,611.9983917861435,463.6313350875371,780.8273776065365
313,612.0321073669593,465.69610465998755,780.6202726482326
314,612.2449409864146,463.17482037603025,780.2601802350396
315,612.5579831940257,464.87291998232934,779.773001005312
316,612.8846606583596,463.27298322583005,786.7441107394983
317,612.9473620513244,464.0738860015943,787.3821270735905
318,612.9380135724916,461.86594150221987,789.6401795807019
319,613.1962195679768,462.29893210712453,785.5193662351887
320,613.1908557481336,462.80892596543595,785.0832901574207
321,613.0109264029963,465.62696796299105,787.372322809394
322,613.3720599017713,462.98835528517475,785.1425404234417
323,613.5309344629712,464.3668382952161,784.7156981741815
324,613.570718112242,466.05751830987936,785.3399631087929
325,613.5612480350588,465.30282961773923,787.377939205004
326,613.7484170803237,464.194100123741,787.5517316357267
327,613.7075587427114,463.35421268234865,785.547767992941
328,613.9073814292998,463.23486110702015,785.4861914043281
329,614.1722159612547,464.9370995809783,786.4799765340376
330,614.1337553156961,465.74232813474686,788.6170217422435
331,614.1190200182259,464.8885136940177,784.9520612533271
332,614.0569268319824,464.5455741775544,786.6732773700652
333,614.0161669385014,463.1652753987458,786.7400970680683
334,613.8043461187876,460.9177106176473,782.6114091423483
335,614.0955767750456,462.5275792711356,784.2955648897439
336,614.3439512661714,462.4860432672997,787.2317905929867
337,614.1740433295407,462.4590408167882,788.5076288216145
338,614.356267408612,461.9061395011723,788.28563157406
339,614.1796207204787,461.7794891896525,791.1716896813433
340,614.2781808065761,461.6317534953483,792.3348772621781
341,613.9938675343896,462.8541466944703,795.4222721323972
342,614.1941388397514,461.0286356070106,791.0122583416479
343,613.9424203664688,460.7733066887481,791.8386722799539
344,613.4957314187511,459.7800200513493,791.3177686119452
345,613.5028214119429,459.76948633598676,790.945427027223
346,613.7246274037549,460.7237115857675,792.8091647048564
347,613.8354471246515,455.5309590152078,793.3951269294325
348,613.6318505026977,455.14966912326423,793.0425621052469
349,613.8821508338771,456.09427285323886,792.417913062478
350,614.0914390327797,457.9904870297221,794.6374248209382
351,614.5030263938181,456.7290436095792,796.5322703560574
352,614.4096495426505,460.7895491697381,799.4473227013785
353,614.7238234300987,458.49998403314527,796.6473166086536
354,615.0243486711952,460.2724371465598,800.4955620076481
355,614.9219500258015,460.0945387394492,793.2872816258341
356,615.1461143168015,461.2199825758445,798.6805713059786
357,615.1180716576882,459.80883458927497,794.526252229146
358,615.0654204624848,457.46740047431547,797.2809528389134
359,615.0877933991865,460.63455114605085,794.5137957706712
360,615.1428431181778,461.35524599439,805.1587426254748
361,615.2756490162003,457.6916658098767,800.871230907944
362,615.361553300775,460.1257021328553,800.2177574996592
363,615.6148862758492,460.4500803946719,800.5305904299205
364,615.5113078218827,461.2798248123006,801.6499236048963
365,615.5290443040246,459.26896692353296,802.9782961894323
366,615.6611411897643,459.460737025941,804.5572258363582
367,615.5500545237285,458.9347157824291,803.7956427665927
368,615.7460327204255,456.21466271930973,801.1295287022807
369,616.0796884744823,455.4446268480796,804.1806061054147
370,616.0810175404204,453.67743786451064,799.2871158156896
371,616.3572536782724,455.97435360052384,801.284833039692
372,616.7089108937251,455.86144351311475,802.4396218225661
373,616.6343476884073,455.84133098639415,805.413818400828
374,616.6976132443231,457.98881523189516,809.3664884347457
375,616.8447414625316,458.10436744340456,811.4706803501299
376,617.0653161703049,456.3251478770987,808.5419524834954
377,617.1458584396014,457.90022992651046,812.0112024899112
378,617.3947129404984,458.30253092821187,814.5122677521144
379,617.5492786461347,458.8655474307698,813.860471901651
380,617.7561737901432,461.14358010511995,813.5226660264303
381,617.7208257403225,457.8106604660655,808.5965400079978
382,617.8311191046827,457.6887924420389,809.5014883615756
383,617.8050409631987,459.15424975992863,808.366058357305
384,618.0216876169446,458.27096527906946,808.3422227461003
385,618.2466740370628,456.63314272740155,811.739484769451
386,618.2983282371048,458.7213388884482,813.0493340109788
387,618.2336751305985,459.504686528141,815.9882372726039
388,618.4057859328763,460.71623785552777,815.7478455609933
389,618.5384854615285,460.75265955477516,818.5795581881447
390,618.6364805131343,457.75374154148756,818.7444195628702
391,618.730471810652,457.81835578405395,820.2493022376535
392,619.0050791118655,458.4747414501517,822.278096607581
393,619.1150970292784,460.22726693592995,822.9963586602503
394,619.0494246506487,460.7479923051547,820.2412594647708
395,619.4000878602276,459.0456027314254,817.1238177994783
396,619.6209585077947,459.8958193506728,824.0245739210137
397,619.6613764781581,457.2868915192015,823.913543292481
398,619.594401825304,457.27708675062263,821.9089031842568
399,619.5790966975045,457.05854879966506,824.9542379649235
400,619.8533199286363,458.3831213393094,824.1274133586975
401,619.956420729437,458.9022915866752,819.4768024399156
402,620.1704296680315,457.7246919725184,826.1113557271151
403,620.0714606242402,456.53921167055177,821.4263025267339
404,620.3523168551392,456.026958752747,826.0509461869659
405,620.4745665312545,457.2793706951246,822.5791227686688
406,620.5904492976009,455.8831569698717,821.3707534388057
407,620.6375282229692,454.90445187952565,823.638643075809
408,620.7564495050077,458.0856932774627,821.6960708200259
409,620.5940868346233,457.2944971349291,821.5107569835257
410,620.5299893709679,454.39954145257445,817.8450591969853
411,620.917804999716,456.6963907653839,819.3386530557599
412,621.0576505952042,455.88203406572507,820.925762968969
413,621.2928570776826,455.4239896126453,822.2225038323702
414,621.4179749684439,453.9365988920449,822.8466944597485
415,621.6424806790176,454.7379154915953,824.473112518275
416,621.9844683968887,454.07978173789337,825.1876565655057
417,622.0508178781743,454.55793307990837,826.8078899974702
418,622.0521073811725,455.87179154664074,828.8291919150187
419,622.2842411007283,456.53551534492584,833.3815574677257
420,622.4413593962004,454.529355915646,829.8387245601165
421,622.6612019823837,453.606197041367,830.1243940138986
422,622.9001429726222,451.9714144332983,832.6900192397994
423,623.1998591557821,452.6361138977722,832.1080936762218
424,623.2678549417204,453.8366039188234,830.2639418849408
425,623.1365517024892,453.9329654095621,829.8459635351702
426,623.0583575944295,454.1615506260059,825.7993370889595
427,623.5041602582228,454.5232360078862,828.4188248280477
428,623.4820646215813,453.05854210747924,833.1954097885147
429,623.3829691109837,453.08813584105263,830.3280720088136
430,623.3135892667635,453.6912339112475,826.9688711161945
431,623.8143294803489,454.08225537910096,831.8637211468434
432,624.0568274558549,451.20520377502856,831.0977437754287
433,623.9755483167189,453.07029883873025,831.8972871334324
434,624.1838465604961,453.97659665743066,832.5699121580834
435,624.6254971932216,452.56431865886174,833.7876229935281
436,624.8790631036126,452.8901311321833,831.6879822367653
437,624.575981233636,452.70646661542173,831.4990720404624
438,625.0485781815069,452.2161559305187,833.9239119684498
439,625.0132644260211,452.5842680407203,831.6901594675664
440,624.6362158831754,451.5338700640949,835.4953866593855
441,624.8410767445229,450.7597504223221,838.683982366594
442,624.8811194089715,449.44253314542834,838.4883723528218
443,625.1601587963679,451.9285023027524,838.9676528314582
444,625.0122861965875,450.6601449925026,833.2434540068732
445,625.1766987374995,449.0168981208667,835.1274212838567
446,625.523547099738,448.5165456402449,837.545009486207
447,625.7252082428097,449.06396186541144,833.8586903537794
448,625.7516240942984,448.83918445968663,839.7733434441486
449,625.8962652625744,448.9695484965344,839.6453053835797
450,626.0822453370541,451.16781835988616,840.6475234274263
451,626.1352171946716,448.60394078277744,840.6242932775056
452,626.4830318751998,449.7335254163239,839.7145787233005
453,626.4567174551562,448.91076263377045,838.6294132581863
454,626.5627502378492,448.2937115624533,839.6072388350336
455,626.6252381610551,449.3002500041767,841.1195234014106
456,626.408022028499,447.816981451889,841.9404328911245
457,626.5150927078114,446.9506328227422,842.3786771833717
458,626.4603378591979,447.1635833265363,839.9320166971424
459,626.4402634255482,449.2106023534174,840.134001516456
460,626.7583915313202,447.63956414135777,844.5163993042166
461,626.8447034583478,445.8189173751084,847.2177773341367
462,626.8063008999604,444.58974823354106,843.164718443411
463,626.930969657427,446.75292102263467,844.8485771800819
464,626.9046598718327,447.6147698323295,846.1272594272102
465,627.2208786050228,448.74000364051227,847.832513020863
466,627.2809599259351,448.93515730240904,847.3546820038291
467,627.5531431162074,446.2734336550311,848.5147995204072
468,627.5468385857297,448.16244843337597,851.2989477173719
469,627.4370571312514,446.9525698121007,849.0346638476962
470,627.6666391211481,445.3770894872486,850.1088165031539
471,628.0146819076409,446.16899222932136,852.3070694954803
472,628.292027103746,445.71681263224605,851.9096095016855
473,628.2152605737476,444.9149432024514,849.8048804187227
474,628.0156679608309,447.05969205668777,847.6689955821315
475,628.1473070306961,446.10741854310766,849.8837884642297
476,628.2351929419973,444.66949593566744,849.4133354902664
477,628.342560800849,443.95826604418244,850.5238469514229
478,627.9203407895458,445.1392858667639,849.4360866360837
479,628.4184911416124,445.917065695754,849.6821052648369
480,628.5246414163456,444.41820220278635,847.6629004685844
481,628.7377560238237,445.71250748697497,846.1586472099929
482,628.9534979556298,447.7438140037121,849.2818910792367
483,629.1682794278695,447.8123136504285,850.0812873795179
484,629.3211092656725,448.095817123714,852.8222924349255
485,629.4776667519544,447.1565974216081,851.3338964588244
486,629.39511682558,444.9780343830218,848.7577353304596
487,629.5345342780836,446.2474923949848,852.8367238015065
488,629.6602891349264,447.68936597287905,854.3035072293394
489,629.3329607241499,446.82273775460004,850.6808521708598
490,629.4964836683142,446.9112473868681,850.5389467045545
491,629.3186151403847,444.63357551659215,852.526414301316
492,629.5215589275535,444.47543422757275,850.0834022908398
493,629.6577381049581,442.49511278152727,850.8442781025894
494,629.8782225961967,442.5190565146178,846.4488534236738
495,630.1647265967606,442.70687844598626,848.9261418422574
496,630.1898534076682,442.17605208510474,845.3754419459099
497,630.3796055281728,445.9219994553184,854.2219551637697
498,630.3715808927611,445.64789973137346,852.7279359895996
499,630.5932717311244,446.4780628002329,853.2659219723762
500,630.575783452478,446.518513319548,855.2118874021775
501,630.6962784960699,444.0874083694887,854.2049158074626
502,630.6154886517138,442.0923304628817,852.7454245532588
503,630.9654779299171,444.26527624604637,855.9074244776458
504,630.80426354548,443.0980343446658,855.3688147517655
505,630.8156839289062,441.9490885538524,860.124216881345
506,631.2186336506652,443.07274142697446,860.0444430561075
507,631.0631641205982,441.81094495908775,856.1178530614909
508,631.1558023122153,441.1255441072782,854.296905872857
509,630.9968620283507,440.5405969619957,855.1208814554299
510,631.0906298032102,442.12021029188105,860.6535906695574
511,631.7682368517784,440.98576657424053,860.82695708082
512,631.6128012222117,440.43177790913734,857.985722339773
513,631.4848350849295,438.9775775145446,865.2353685629129
514,631.4248357616433,441.54883666389054,859.7710972625108
515,631.6054296343785,441.6681421486271,861.9815134574561
516,631.4558228166666,442.7566560358669,864.1029544373571
517,631.6062054466331,441.3788182641745,863.7282019945251
518,631.9127553351088,441.2769250617579,860.7378594935059
519,632.0968933377233,439.9214159902138,862.4634117235985
520,632.3280545900177,441.69584063490595,856.7739281353743
521,632.5123983893558,439.7950636078671,863.1682128670408
522,632.7477782683246,438.2793041481142,864.2608198919373
523,632.9487943234585,438.50182637597896,866.3751429176422
524,633.1809692329807,439.41631973789896,864.0958825404427
525,633.4450053362393,439.18842699040715,862.0974495301925
526,633.6583746423659,440.2532909973302,863.8960014945134
527,633.9143663651317,440.3288541261053,865.2646176721531
528,633.9664425871322,441.14546605016113,867.9626625165615
529,634.2472368378095,438.76384894578183,869.2363295705417
530,634.244474078296,436.5819780885257,870.2442006398975
531,634.3497339296815,437.5257023639721,867.6308100279418
532,634.5414294801486,438.73654843095903,866.7672420567799
533,634.1460484294131,438.9463803117054,865.9693136322052
534,634.0492594743358,440.3480272969041,865.6013565907556
535,634.144803727824,440.1690733912998,872.9687740874484
536,634.0101068541588,442.65561047580354,868.3401345524534
537,634.3051794696444,442.68426260421705,870.5497100052232
538,634.3811828784967,442.8305314422898,870.3625775269296
539,634.338105133758,444.06635972873977,871.9903408743503
540,634.530774230155,443.77915168195426,868.3420966169349
541,634.6967824167361,440.42806135659794,869.7350907373924
542,634.825262373609,442.06804739801544,871.6674867409424
543,634.5679918333243,441.8948730202956,872.0961181742656
544,634.8616399869337,443.0773558117392,873.5589199759297
545,634.7380919105075,442.400520247345,871.1965158121254
546,635.0844995123107,441.738158110924,873.0273847459049
547,634.9008160303774,442.74315319099946,873.9890290424277
548,635.2558472173737,440.05751104386127,868.5795702034796
549,635.1184627622638,439.83867161653484,870.2823078482478
550,635.3577320368466,439.63876236493036,873.0785935537017
551,635.460802284445,439.2582337208425,869.1488558518361
552,635.9718101172336,438.9755701842228,873.7208878788196
553,636.3974880695554,439.9545193714234,879.0688577845563
554,636.4024774293306,441.019613948294,874.9880392975166
555,636.3009073022843,441.2547184720498,875.2313428235276
556,636.2293866695056,439.0440754588927,877.949019602463
557,636.5421929590347,440.98102609338736,882.7347462039837
558,636.844481835136,441.0323933630433,871.2533327937913
559,636.9480370936826,441.8544586185976,879.1890460335765
560,637.1742790191522,442.63144049472993,879.2780313081697
561,636.9825229709984,437.90306444654925,875.0602676061532
562,637.183707917409,439.29066603490014,880.360852483592
563,637.4100967507628,439.6063676971718,878.4807146147581
564,637.3044898961002,442.62787169842005,874.9034342518173
565,637.2236303628735,442.9735494747638,875.7802589565633
566,637.1621991633413,443.286431699753,878.9112834098494
567,637.1212459650943,441.8488072105745,878.9347733128365
568,637.0851012452345,441.1603373107365,878.3361207505516
569,637.2309034867534,441.15619189102875,872.3362255114328
570,637.3347460247122,443.82291704716636,874.2541278157577
571,637.1428092723714,443.45453148973496,875.787600403969
572,637.572721418276,445.19633214772506,883.4891098918798
573,637.6152545286004,441.2936739651227,884.8098844728477
574,637.6070410441645,439.6601938279039,884.2261348141008
575,637.7782731955313,439.13309158300115,882.8880655785456
576,637.951797700322,438.7790321428913,887.0298271453138
577,638.1750642654192,439.0477662904312,890.2227520774006
578,638.5044635481634,439.9307372933395,892.9525711725178
579,638.611755986758,440.61251331833023,891.8144757145355
580,638.8424947154075,440.8080994608966,894.2469276288984
581,638.9014485462004,439.55506445081375,899.8376061755133
582,638.9890585154217,440.99727469696495,900.4766842460754
583,639.1529022164838,439.653998806599,903.6554671799377
584,639.3395494356354,438.7095811436695,904.3041219350765
585,639.3482570757822,439.1774601879559,902.1866096496868
586,639.1220451227176,437.718248715464,901.6926627205884
587,638.8992253882765,436.86749262773964,897.9218867258754
588,638.7139434580674,440.54290829164927,897.9046815359064
589,638.8726348218299,440.930905322336,899.350510900958
590,639.1102152425216,438.58179139218,904.6774800539227
591,638.996959236603,437.2674624411377,900.6165383051417
592,639.2251461535977,438.7637935946373,899.3454501398292
593,639.0566902814148,437.66800320698337,893.1425559983226
594,639.1563342529881,440.67294820666325,894.5948318713574
595,638.8964124062213,439.4978371448954,894.2728747706389
596,639.0422695134289,441.7999385303533,893.746895236227
597,639.401515180985,440.22168389620873,899.2793294251769
598,639.808319754925,441.8110253397011,897.4732903745123
599,639.6266592781527,443.25642370106823,901.2341746217219
600,639.7881142934555,440.26512436481005,904.1478416161921
601,639.7204426808833,438.4959433774821,906.3297557145532
602,639.4981056149553,438.66459605881374,908.1095501906649
603,639.7669245019683,438.96674880744814,901.5105888479425
604,639.6819840154348,441.81230874313354,909.7748165782829
605,639.7411882055969,441.3170279583059,913.8332360449213
606,639.7014456908678,439.4257195263315,911.4742204245233
607,639.8239265417989,438.5373153023343,912.992368803049
608,639.9876763387874,438.58718240415715,905.83412156207
609,640.2815352563047,440.24933843956694,914.5383109989091
610,640.3691109338437,438.7133822194306,917.3287002181665
611,640.2391692665622,439.03014961388266,913.6429664140587
612,640.343531051695,436.20043700810305,917.5732326231681
613,640.308104003094,434.62738501424474,915.8373139756271
614,640.8216160313966,434.0303909484365,910.8457652162349
615,640.8766767672649,436.1995742548419,911.9128440036842
616,641.2763688262368,435.084298800296,912.4047922922668
617,641.1489541473837,432.2448417578597,911.5383091064463
618,641.3356196983485,430.7728260479585,915.3056697010152
619,641.6737289490306,432.2143426253176,913.9417489083443
620,641.9874737136215,431.8431558481335,916.8746256827129
621,642.0530135528818,430.6141821232338,916.1311703242495
622,642.1686488265412,432.2029019536079,922.6308782734757
623,642.1225897776235,432.2417682515979,918.8480627720145
624,642.0470690580293,432.68917060740887,920.5026264815074
625,642.4278719961702,433.08029779310976,917.2534655896516
626,642.1059410017015,434.4074116196999,919.058782520093
627,642.1110328334179,432.78184799417284,917.7897578802462
628,641.8718370263136,431.44544874343086,917.2028012065208
629,642.0187154026963,431.08599053430754,922.2133690128891
630,641.9532207647677,428.5572779146966,926.1071295266371
631,642.1611231325725,427.7616176263295,923.5396917071008
632,642.2037492267439,428.48656464928956,930.2112169128043
633,641.9851375595445,428.0451633214509,926.7229412023895
634,642.1974416055398,427.0185137807398,923.7824916638142
635,642.4091745138907,429.36182253850933,928.1059942130423
636,642.3531743612274,429.9764346592042,929.2943606846859
637,642.4640906268893,429.2591092320142,926.9925979460729
638,642.4821973731655,426.7830980409641,922.1791716476025
639,642.5363947768649,425.5590191948517,920.194224351832
640,642.5093242765429,426.31287528171964,916.0724611178972
641,642.771425173335,428.7467072348198,916.0327035634311
642,642.8008863136175,429.2869906151931,914.2679953176987
643,642.7261143041817,429.600500232648,910.2111398715309
644,642.7105197064427,432.29309142187554,909.9533917448999
645,642.9425509264729,430.48696661736324,914.5315094805724
646,642.8463923089593,430.7407120212027,912.5407571922731
647,642.9101779363846,429.3431616750084,912.3381234141028
648,642.7453413803487,429.93180915361603,914.5856943057304
649,642.904096325619,428.71535886192936,910.8195255294149
650,643.156162303803,430.06988874916055,911.1963239706063
651,643.260526600626,431.124955850079,915.5839704339945
652,643.139300042119,429.57412450789076,916.7848814315918
653,643.0797105914398,429.2812468470831,917.9259642489842
654,643.0130018240244,429.47348966792225,917.4135019268163
655,642.9063232863098,429.6745696534133,913.605364106518
656,643.0201285854117,430.23112018831677,920.9581515710008
657,643.2705359106084,429.74387106322865,916.8746282712967
658,643.5275047472285,430.63875388891086,930.5262777324762
659,643.9413251696922,433.287520714789,925.4504073899334
660,643.9836811580753,428.38884807700435,927.1053060283599
661,643.8077307737948,429.4334237035749,924.2662849340064
662,643.9849545108762,428.5497663711543,923.0771631854731
663,644.1381992307847,428.4084852004455,922.6520839446742
664,644.1934331137744,428.0967353655683,932.853009218806
665,644.2570030374035,431.40556710487454,924.4541378000882
666,644.1880933312425,432.6854334555352,918.39937726353
667,644.3104847995502,430.92404494083496,921.4450573462875
668,644.4007491728839,429.82306074501156,920.3492653774634
669,644.3162652192864,429.19316999524347,920.8166003899572
670,644.402464121032,428.96563891508333,925.9258273978679
671,644.2986734060158,429.8974836693444,922.0054430442383
672,644.1170720530861,427.96832460543635,923.7977804251254
673,644.2579852054827,425.7465732085976,928.3268480338503
674,644.4468189678016,424.54820341357606,925.5326040284662
675,644.531500520651,426.7856870653635,929.8688476190256
676,644.537038402633,426.4188731676918,932.2521141561967
677,644.181526778072,426.8180968442569,930.4872583874641
678,644.3518384125157,427.8549031588929,926.3366679741499
679,644.3717450765078,424.93492016594377,931.4542409160794
680,644.588881466268,424.9593801263638,931.3549380091179
681,644.5895747155062,428.405364859256,935.7099647912904
682,644.8488637412222,426.6487439485363,931.492882823205
683,644.5247037703303,425.7912540737906,934.5089511942964
684,644.4821449118247,426.1665738033747,931.6786059878543
685,644.3700137522106,425.4846103837136,930.8153410331508
686,644.3665843771505,426.1399941878813,931.669805774048
687,644.4352903912758,424.3607903761266,924.101700757038
688,644.5714364719656,427.5232011906146,924.0957232444018
689,644.6651327347425,423.85739300573607,927.0242885171778
690,644.5961562771897,424.4255525987961,934.9582804706666
691,644.5918076138062,423.57590728400635,933.8359209445857
692,644.5203905457159,425.12474658240734,934.9743091955277
693,644.5083267572655,424.80331113960005,937.1209229857379
694,644.76567141232,426.06653964594835,939.0345337963851
695,644.934053688348,425.4056785053901,935.4866562990866
696,645.086879306883,425.7849579378862,937.7645377348009
697,645.2701290887329,422.5300967666744,938.1905149934337
698,645.0471975959772,423.10405644261584,940.0736508820935
699,645.2044251065242,422.0686564448983,937.0195564981195
700,645.4971984217796,424.8831400114587,937.9267478559351
701,645.273383840982,422.99093444295613,935.8634271002092
702,645.324859341033,423.2276360234194,944.0953563853086
703,645.2801485933308,418.20137893052765,943.9343948915321
704,645.1548913596143,419.6741101934628,940.1340595311908
705,645.4647060526968,422.6577170234,947.2398287196107
706,645.4053071228064,422.84501225948793,947.4068058859458
707,645.6558068700657,420.2176623906377,948.1232599254715
708,645.6930533068698,420.3341217216449,945.6297200884964
709,645.76281795509,421.8818281251874,944.9121711812736
710,645.940057509412,423.35965061983234,948.3463095382372
711,645.9545249377483,422.2902949614914,947.9682269995114
712,646.0275290658927,422.80208784493885,947.6454503125589
713,646.2084408370057,422.8782462036999,946.5105779491612
714,646.1341266257759,422.6325636354837,949.1370493955968
715,646.3192654398273,423.3314416796314,949.1252380772073
716,646.3972781660979,425.4058161380389,950.3534384494121
717,646.6798015220751,423.9513960019906,951.9766090511037
718,646.5850564967565,421.21758835128537,952.3299625217055
719,646.7870214216805,422.4469225984966,955.4313135630962
720,646.8431854538346,423.9707330813564,955.6599276880636
721,646.7127511961745,424.7371779537196,960.6359256933104
722,647.0247536526923,425.49073145913326,952.3220219762261
723,646.7412654911411,423.58091657251964,955.6663163641932
724,646.8572537076911,422.65699154355354,958.6460589657877
725,647.0583518417276,422.2368409718738,952.3846894809708
726,647.5220899165629,421.67163621844287,953.6310264010259
727,647.6316259755987,422.5487408314692,959.7115126430548
728,647.6875347339579,425.29853610971134,961.1289581331085
729,647.572369599484,426.31045876054236,954.5038265039036
730,647.8715339020625,426.050176187933,947.0821244864175
731,647.9713181193794,423.50317600688913,948.5980602873849
732,647.9723091258483,422.1952218909396,945.7380549575257
733,648.0353598906692,423.34823962274925,944.5073639599269
734,648.2418657826387,424.4935505476876,944.3818511680272
735,648.7064579285002,423.19769942315514,944.3926909821619
736,648.9087300828511,421.1151863845109,949.9273811944495
737,648.9940189814598,423.254065113461,946.6443762956201
738,648.7013791733866,421.71036724253304,947.1856363337888
739,649.2720766798656,421.32755344107863,956.4389091304524
740,649.2916533846707,422.1786298003056,952.0850105811134
741,649.5898816663251,424.01779197785186,947.8365713651801
742,649.794384633696,423.12742803096864,951.0849296166678
743,649.7758765332555,425.0366169155862,957.4871471646321
744,649.6907601978937,423.86641918160495,958.5314223088604
745,649.7461089795893,423.9567011431571,961.6298954388592
746,649.5690594137232,425.33969173715883,950.9710597419501
747,649.5533776372354,426.33982233488615,951.4963904353599
748,649.6509373463008,425.0412734501565,958.7798982844436
749,649.9389067312217,427.1904511205744,955.203511969984
750,650.0259765682105,425.69520188524547,953.4329661506916
751,649.8871324177376,424.69310075315167,955.1782833079654
752,650.103152097067,425.72780937278304,962.0289445450917
753,650.144823249678,424.5523412394872,955.5972221724081
754,650.1364690717862,423.20622140461495,959.0856882869218
755,650.2455326736876,421.2939400968876,957.856101640345
756,650.0907542280189,423.36097522978736,955.3936327295039
757,650.4848653020962,423.24755737738695,957.8675196233115
758,650.8401976464953,424.2872528574993,955.8480572661265
759,650.8252085027134,424.54559161329166,956.7761272928792
760,651.0883402672225,424.3491205025186,958.3366326293071
761,651.1299242868787,422.7286439310265,958.6309490187951
762,651.2468142558129,420.2845935139383,955.6025322329916
763,651.4415476240177,422.2276542004943,958.4967304200226
764,651.726321428444,425.75360733240245,958.8860977095487
765,651.5029552752607,422.5464765771211,957.979671928222
766,651.8809223896033,422.5403462003943,964.3133315675437
767,651.8354338882189,423.5471500757924,963.5818354336793
768,652.305241168673,425.6203432141172,958.9408799376234
769,652.0975897803306,424.1307666811348,959.4771500288697
770,652.0479868143353,421.52884413668505,959.0156279803887
771,652.2392954700587,421.6803096327715,964.9482661842011
772,652.253416593109,420.93735708729355,965.007396643564
773,652.5383755197505,422.6644588106269,969.7747229724713
774,652.806464063532,422.39074996423363,958.9997834137286
775,652.708817482287,421.1196833394863,964.4522940379462
776,653.1341221641608,419.53459999355266,966.1450072608469
777,653.446222160199,419.7083287359339,968.8778497038419
778,653.4011641029908,417.70535685721035,966.2815959084684
779,653.8097506509018,418.60498373785293,967.11486782438
780,654.1269122913562,418.60787991342556,971.2390248776053
781,654.2543394185461,419.34672995685696,967.4959101028489
782,654.459377177483,419.10985835763677,969.7615718425429
783,654.7285969133433,420.8578661337278,968.8041089539687
784,654.9238151588398,419.043493885479,968.6549068003235
785,655.0530581993849,417.6012909838987,971.2334936482301
786,655.3917950820438,414.9050170423824,969.2779899754695
787,655.44663455912,414.33247923306783,973.14440191387
788,655.7611673278756,415.89154407679246,975.6033820556248
789,655.9064943268402,415.2666455749685,974.7031094828064
790,656.1294515623758,414.5593894915672,974.1133989000518
791,656.5974743267338,415.9261488196704,976.9388196699274
792,656.6368130330974,416.85603382825434,977.327530204706
793,656.8064109453161,419.77825502306166,980.2745883342145
794,657.1306109621554,417.39214979047455,977.6312868146028
795,656.9954113895601,417.49529830606343,977.5138624996354
796,657.3244646967573,417.6197411392398,979.5032455784085
797,657.6449455327042,416.96812498881616,977.4045748738038
798,657.6180418775925,416.11483532178954,976.518470942845
799,657.7436006831723,419.3353327232683,973.8360539708538
800,658.0174949200356,419.6708282460162,978.6474903809777
801,657.8352403215632,419.08099636358304,977.0259432324046
802,658.2147495377864,421.195182559041,978.4361830702753
803,658.3322189317784,420.1825155660199,976.0763985927233
804,658.4833902147138,418.47314542297045,978.3414113970387
805,658.2881656486117,419.9662589194288,977.4467220168107
806,658.0351177522568,419.2506605662839,976.4780485324986
807,658.0100129795776,417.9292124359319,976.4498350461935
808,657.9203539054599,418.7297009493876,979.7047182139233
809,657.9747329056416,418.8130893203852,980.4792181326252
810,657.8852422987254,415.5144720317585,979.5863157512622
811,658.0009312550285,416.72115905044683,977.4471645088199
812,658.2853432466538,417.4399647587943,984.4554738751889
813,658.1462424222659,413.63532000727577,983.3128881928812
814,657.9574703171451,415.4962060582177,976.855378358998
815,658.0631725549224,415.783177610778,989.6284667313538
816,658.3762752949096,415.1968624918294,991.0671850951148
817,659.0038675187968,416.89424519748246,990.8515909790134
818,659.4128498342128,416.44279002030163,985.0547177642595
819,659.4234395895896,417.2859509593614,988.6539987939736
820,659.9280017825192,415.69023341968204,983.0452820936908
821,659.8237446441385,417.1718516894147,987.5997051840878
822,659.9411121036052,415.2003151008954,989.8475163293812
823,660.0565757872682,414.08675081879966,990.0959578250385
824,660.1428605496371,412.3132859185857,988.4967575717242
825,660.7006480709101,412.05681286703896,989.2189116820655
826,660.554550273662,410.52919085399594,987.2454587237052
827,660.3724347417375,411.13578993287723,991.1551903415749
828,660.559351447811,412.84065443507706,989.6596908200002
829,660.8854845122721,412.9286732782276,990.8218502705402
830,660.8317733357044,410.86910383393405,986.8028155789646
831,661.100849153273,411.65534145849944,985.0410308976406
832,661.1998970209413,412.74188194043097,985.1631412145318
833,661.4154962402841,413.41076774160297,988.4035847603219
834,661.7810854682806,412.3211486558153,988.3461902958562
835,661.6966816006078,410.4532518715348,985.2184170169697
836,661.5768947545595,413.7538353123447,984.0644299955225
837,661.7193552452534,413.5978639769472,982.3805882541114
838,661.8903288295244,415.33937740778225,983.6557057276241
839,662.5230299494275,414.28964417338454,987.6472287546092
840,662.7213707741929,414.41748483419974,988.4516731012751
841,662.4034626382426,412.36285374831897,984.8845693439579
842,662.7716332425205,413.1066568816967,987.2810879831039
843,662.7062861886963,412.40271697891734,984.7699599318463
844,663.0316123735371,412.08744055478576,990.9544284491069
845,663.2343261111652,410.636499961851,987.7137946878073
846,663.1472083404201,412.4728671872258,995.0115202815956
847,663.0283285353227,410.23767534134606,987.0418877492522
848,663.1625402932063,412.10689133907573,990.6872151895202
849,662.5614221041354,411.92942439073005,997.5692384867525
850,662.9638253653212,410.8800929567134,996.2630679618835
851,662.895621833788,411.63685272218413,994.5118868116541
852,663.1140670092418,411.2614657734839,994.8025514785876
853,662.993415210073,409.4355845978007,992.9017117764085
854,663.2990318273888,412.2771630423952,995.0986226486833
855,663.5697026270076,412.29388057060265,994.8177251048538
856,663.6337218699059,411.6993107514311,992.2080019613436
857,663.7749886433184,413.67695225162595,1000.0226303036267
858,664.0369109032614,411.45067029624954,999.5143747363398
859,664.0223051992359,411.4453584633901,1000.1279184888837
860,664.1075399818889,409.39012546792765,999.4951003581795
861,664.3049119134215,408.5332143139293,1003.8299995466555
862,664.6467241958098,410.624247631854,1003.4709054696489
863,664.8843804184393,409.82458274438915,1000.4970000808926
864,664.767741741355,405.8681466840674,992.41994317178
865,664.9545838645753,409.97455857299286,1001.5484861592562
866,664.8109832978693,409.5499143487607,998.9143245763934
867,664.9862485266764,409.1748108735736,993.5247410710161
868,665.0616110452182,406.4630137299689,999.0795877824048
869,665.1548045342643,408.284431965384,1004.7599549915597
870,665.1295645980058,411.0243261616497,1003.5050353897266
871,665.3741533592412,410.95236026484304,994.1784482621379
872,665.398320752049,413.4996735136401,995.6386013590196
873,665.1688027282418,414.1781217037035,994.8766786934392
874,665.5584125971125,411.3980548269719,992.9139297082755
875,664.779358706132,408.33116683983855,996.4025271350869
876,665.0196931841002,412.53551406295026,992.4589761128547
877,665.3092768943225,410.1975731000404,996.1824010385826
878,665.4864464303502,408.7612958731628,1004.242082946055
879,665.4955456523221,410.5656671899031,996.4268485230567
880,665.82077950341,411.7540509657629,997.1721313287554
881,665.8265432522929,412.9374888161034,995.5831120180511
882,665.7951782173913,409.3304294838711,996.9398487142879
883,666.0023208621408,409.4793372308801,994.5732339640376
884,665.9113660235912,408.7840497357793,999.0941924913501
885,666.1928407576564,408.3516359159419,995.2927234950289
886,666.3195396259298,407.7226212606183,999.7670064312684
887,666.5195628879515,405.8609088339845,1002.9649495875133
888,666.3491451833346,406.077710251283,1001.2254139424283
889,666.5343902605508,406.24099651512,1000.2418087117009
890,666.5970554041552,409.43444479465023,999.2639259817861
891,666.5814262231968,408.2538782917862,1000.7709690562357
892,666.8011844230996,409.91828741491327,998.7772701791517
893,666.6294883380066,411.44344816079933,999.6012573149774
894,666.6118677179921,410.546975171225,997.3974510972834
895,666.2877308761032,411.2846056183273,996.6792890168673
896,665.9994146783017,411.10682495412044,995.2322981384452
897,665.7846921698348,408.2568272716989,999.4391503752706
898,665.8072454569419,408.7743760859804,998.8496868398187
899,665.7242816310958,409.6820625017598,998.6168785200801
900,665.524147479099,409.7267283764808,1000.0077104109859
901,665.4201118694391,408.52860710958265,1000.0245004708795
902,665.7628367571643,407.17040726642955,996.5099844400204
903,665.7072169926934,410.94778467790644,999.2607852131803
904,665.5503377277838,409.896073188257,1001.0700996132236
905,665.7083309746489,408.50845865159613,1001.2201678573313
906,665.9338606527564,405.5685417670753,1002.3540805892355
907,665.9459862931056,407.7052531006285,1004.3959108902292
908,666.4747831308739,412.271661264634,1005.6681390365845
909,666.992257069758,410.25434327937995,1010.6992868714442
910,667.0128394946336,410.2664434118314,1012.1092171012644
911,667.2780345590302,410.81510118021663,1008.9701785469449
912,667.2073857458929,410.6210670756678,1008.9003988385482
913,667.2856719061598,409.87411719357027,1006.6101069073621
914,667.2897792686731,408.2819789159409,1010.004041266813
915,667.5556554275119,406.8318855011288,1010.245970912133
916,667.6682055391316,409.6923552164506,1009.8746339324229
917,667.9983442713537,407.96730457738255,1010.8471321048615
918,667.6551972390838,406.71384456384146,1016.4752553153265
919,667.4849363879233,405.65093909515605,1015.0056405482069
920,667.642676044958,403.77312229913264,1015.5081996742664
921,668.0650089512509,403.844650527899,1020.9500249990882
922,668.0108233914756,405.9660037835717,1017.1745878913023
923,668.1126172362038,405.1241724332625,1016.2857946025397
924,668.4776374760085,405.24356088942994,1014.7568075800958
925,668.7002231204824,404.74066840024426,1014.9466637114251
926,668.2296323678062,404.6910537404665,1018.4229243120201
927,668.4417458860802,404.0285074495558,1012.7074128210954
928,668.5952431759399,403.4702028772716,1017.4308399712481
929,668.3875296472797,405.6197311790305,1020.250189954806
930,668.4789478671261,405.7890963256775,1020.0637742369606
931,668.667144498138,403.61040422571466,1018.4069811662541
932,668.3471771122785,399.637442873344,1014.6762811095772
933,668.2181867277997,398.92272769839053,1017.4383399696295
934,668.5920379782044,401.3842506505103,1017.7406376347018
935,668.4584573226972,403.7123189653455,1021.0568818861743
936,668.5793621334138,402.6523122344563,1022.1497561951538
937,668.7489178348769,401.852241883944,1019.8480001526996
938,668.6995525892034,403.4397981776768,1014.6726226093934
939,668.7284512144823,401.3300273337476,1017.8856135137016
940,668.4791045397197,401.4260690699716,1017.4462740179606
941,668.3652945538682,400.6983911542737,1016.5158816945709
942,668.30163301939,402.9673412366339,1020.5976741938458
943,668.1886620017284,403.2597727440714,1020.0842544550958
944,668.3872019581253,402.23878374800023,1017.3270982141136
945,668.7221962741786,401.0897716828902,1017.2430711292786
946,668.9833363988384,400.22530228699947,1013.0565230018447
947,669.2902735155552,401.79564510501467,1014.6970552589726
948,669.2260739804294,398.9292402445083,1016.474812203308
949,668.9490519177674,400.36204439760587,1016.9404924198908
950,668.9136917284513,401.3376383210478,1012.0390330697144
951,669.2443419396891,401.6104496972588,1008.8103110216791
952,669.1318629522835,400.44864272709214,1003.0819497081606
953,668.9012995895375,397.769968515525,1011.2844685176568
954,669.0822965647086,397.7350631683836,1008.8992378519453
955,669.3658748547132,399.6795426283832,1014.4373781209077
956,669.7660874312329,397.31974872388173,1010.8165548437975
957,669.8428641215075,395.57829004479606,1014.174623721676
958,669.7058983258662,398.9698939357184,1019.3750497297028
959,670.1636745110213,396.33804460409715,1020.053235157389
960,669.981185557986,393.84247064549663,1012.964582678248
961,670.1179018106556,394.3157082358349,1014.8518866806187
962,670.2834991954,396.308507320109,1009.343428698614
963,670.7147076104098,394.03820668535053,1003.6247078586983
964,670.8532473734548,392.7430731059087,1002.9693793571007
965,670.9923212358568,394.2623837238352,1007.9532488430884
966,670.990735873598,396.8399386552352,1005.8299965300719
967,670.9268653597385,396.1731372309387,1007.7058656200983
968,670.9824707300905,395.30939565813117,1006.9458261465733
969,671.1573888324517,394.166672716451,1003.6240403151523
970,671.5027597241494,396.0745864408611,1009.5293135259852
971,671.5743150964594,394.80077472427905,1013.0606706232506
972,671.5043110012294,396.20157764186405,1014.6230836696906
973,671.5901881101521,398.2473432483961,1015.2336580397697
974,671.6716891910952,398.0833685234661,1017.6470750015385
975,671.2810244486028,396.1986246433296,1015.6296315613173
976,671.6289494292753,395.4561846478314,1019.6767682390621
977,671.5971250185571,397.47334080351675,1017.2885054964814
978,671.6094680285139,399.8284610251172,1018.2595569267557
979,671.4378206253266,395.9979786137086,1018.5758470304214
980,671.3019040616268,394.7005289610975,1020.0280714876418
981,671.4480947576342,394.32787424282435,1024.1851718621836
982,671.6637639809298,394.3253195138908,1017.9106917990274
983,671.5734972855522,392.085861525313,1025.9307566354123
984,671.6092641986514,393.18015880351345,1025.3722713514226
985,671.6056852078843,391.0022095388051,1018.5933879676313
986,671.559873031278,390.9677936202201,1019.5336837164841
987,671.8873610596784,388.5771222927478,1029.1288018285857
988,672.1733908907986,392.15529510381947,1024.5454102824726
989,672.2057833619834,391.06899214723234,1023.3549990095967
990,672.5070725245952,393.21518026822156,1027.9819570055818
991,672.6557414181501,391.9538989850148,1027.2947287636666
992,672.946111728258,391.9118752905495,1021.8991600871599
993,673.0310066833151,390.95036756901976,1028.591070820842
994,672.9861959978273,389.5890616091027,1023.1063208753803
995,673.0084670405546,392.26513145040786,1020.9290679883125
996,672.9107861587271,393.3433807316209,1025.4847823056632
997,673.0725746696835,394.71704385557365,1029.7450566893401
998,673.3356488792659,394.08060103885623,1026.139842174037
999,673.4794337562482,393.63417997659184,1025.0044868121008
1000,673.3808001428446,393.13768524262645,1023.2168712307922
1001,673.5944398231178,392.36476644216583,1019.3990095285079
1002,673.3832246094387,392.9596930883139,1022.7979703867919
1003,673.6877217877243,394.1977767633481,1027.9668115721945
1004,673.9161748707672,395.5396828535619,1032.8183866167944
1005,673.822301601927,395.1996877675335,1036.563716507177
1006,673.6853583192051,392.2312210974803,1039.0496688349226
1007,673.8503025603349,390.7175894991095,1034.598498881227
1008,674.4572575870957,389.85040511224304,1034.6792299293684
1009,674.4741484240033,389.1493580407156,1033.5481393052944
1010,674.7226227864627,389.0600643792949,1040.6814073620144
1011,674.8568869063274,388.93363470467483,1031.5818764620797
1012,674.6125656466058,386.6389027952691,1031.4083890986067
1013,674.5043328556931,387.8319436698108,1031.720259040048
1014,674.6609916145078,388.7975466513168,1027.5926521882645
1015,675.0551338677067,388.7394846508156,1031.7253629187667
1016,675.5215357719549,387.5700091053155,1034.3143655385904
1017,675.6927763967717,391.38959232693975,1032.9298891007395
1018,675.852166507686,390.1092871316139,1030.740760471397
1019,675.9235608392067,390.56014275988963,1037.1445790473304
1020,675.7487692415685,390.94724057787,1036.014461549942
1021,676.1083044997711,392.6037082644666,1044.0132049850063
1022,676.0695589276177,391.5955269754482,1047.8131142759617
1023,675.9697557826455,389.49651286981566,1044.7797131566122
1024,676.0725998893562,386.58789326325365,1050.524031668826
1025,676.1080567062955,387.77414787925323,1050.8106022076079
1026,676.1527637802801,387.3791444357482,1051.2692673969962
1027,676.0865532904979,387.41410223881485,1048.4331779338283
1028,676.1667023337002,387.46767548975697,1047.8073669533944
1029,676.1639340676857,387.36413560578217,1052.3151291546324
1030,676.3960455577871,390.1357202360046,1054.654024956064
1031,676.3433538648367,390.07846024593067,1045.5938201240858
1032,676.2164133296861,391.01003726469446,1051.6912914088775
1033,676.2293654597216,386.5115865617974,1051.716194480252
1034,676.5498719361633,386.59773168774996,1050.100023928966
1035,676.780730310457,385.5948481053376,1045.7416793956409
1036,676.812235873564,389.2135227476689,1048.3250391379856
1037,676.899740860129,388.2487935071093,1044.2824829551396
1038,677.4598933036792,388.72743922923286,1054.3209818925934
1039,677.9154181666377,391.442578253114,1049.2242554398103
1040,678.0937264894404,388.380337561926,1048.0801631461186
1041,678.2508512035871,389.9500470583665,1050.9576852365783
1042,678.0418361054269,388.9958306550158,1052.5929826895695
1043,678.0350897169056,389.70872530932894,1055.0984134338414
1044,678.2547472768363,387.08698239376076,1055.7932052140088
1045,678.005986782894,383.8859296513643,1056.4758933230821
1046,678.0537879047695,382.77850896938395,1052.298418303573
1047,678.1090105050076,386.1650920619194,1057.8304034294683
1048,678.5875099586384,385.0254836034734,1056.888760857399
1049,678.6093580396831,387.0115563368785,1050.6093058328768
1050,678.5712317202314,386.1280036576641,1057.7902068873009
1051,678.3609655799463,385.56511750104715,1057.2197578096434
1052,678.4004310862967,384.15905533499574,1064.1043814398915
1053,678.3482836331453,384.48066591545245,1057.909697541143
1054,678.3531983850824,382.0220145412699,1057.6946447800378
1055,678.4544958813512,383.4830587825561,1061.0896260528805
1056,678.283060772883,385.5117758006881,1056.1084892563629
1057,678.3906286460439,385.9372379520436,1052.8639424233077
1058,678.7240996807569,385.1214502999741,1051.488071784184
1059,678.941664877707,387.2480359220462,1050.420160534826
1060,679.0855131646815,386.93613260996057,1054.48811413951
1061,678.8839170347644,386.0211504571424,1063.8339850155191
1062,678.9143668715226,385.9248569400811,1065.680759425914
1063,678.8406047027197,383.6863629495557,1067.4028736171429
1064,678.8731528714638,385.7181986593168,1063.2477568098723
1065,678.8430234675698,386.48390696465424,1061.354985505653
1066,678.792900735274,384.6948132575133,1062.007185004318
1067,679.0529115087345,386.97433195290114,1067.6924393397817
1068,678.9816493788828,386.47273119981,1067.0275004849377
1069,679.3742599524076,386.91187590585815,1066.4951156925417
1070,679.7728884253814,387.5143029140261,1067.0169580339157
1071,680.3061707466934,386.6107760133921,1071.9795704693463
1072,680.0161594821142,387.8529017989118,1067.7011115341636
1073,679.9860481476626,387.44319076577636,1077.8889985759054
1074,680.4349707778794,388.0375970537538,1078.906830353959
1075,680.3217340928172,386.08208207279927,1072.3412020815076
1076,680.152649582332,383.308142290256,1068.4648899429906
1077,680.3932515674624,385.73451347473,1073.727059505554
1078,680.4602454385572,387.4897888264988,1073.0248733209219
1079,680.6110136009752,387.4927164612631,1072.8928403718933
1080,680.78378844388,387.06921291127213,1072.7175475245879
1081,680.788547177024,387.4989795073613,1076.231009761819
1082,680.7902733922039,386.2978106751328,1064.7926936578237
1083,680.5460676219951,387.3233838060586,1068.3157085458488
1084,680.5292367795169,385.34447762980795,1070.0817937205654
1085,680.5713373117709,388.8268688255743,1068.0472388245475
1086,680.9940022322512,388.2365598879933,1067.7764397738474
1087,681.1532665793369,390.3202906137645,1064.8345751880656
1088,681.6193785659881,387.5532883702473,1069.1519304612825
1089,681.2316691737948,387.5430354329473,1064.0560997066707
1090,681.5504956827968,389.9392028781617,1068.2023933331352
1091,681.4618568588354,388.1707206704644,1062.0306015579606
1092,681.6265579307361,386.9911789780767,1067.6260138518003
1093,681.9615888453399,386.7021643677587,1068.5181788956088
1094,681.9875660097769,386.08170975679496,1068.1569883315196
1095,681.9346154665966,384.1154467881218,1061.2079857757012
1096,681.8852938978087,388.0971932490527,1059.636267492961
1097,682.3696489870324,388.60960786004114,1053.1080067629166
1098,682.1386110667738,388.15711623944344,1060.6477127944365
1099,682.1143003094255,389.31916575854285,1055.6593163562684
1100,682.1945698734073,387.21280392204187,1055.3264934515107
1101,682.2894911432985,386.72243078594107,1059.0282149188183
1102,681.9876390788921,388.2375443871803,1057.432712922989
1103,682.3526844677897,387.2344717801282,1059.8803436448718
1104,682.6290226232986,389.76268170891467,1058.0695574121398
1105,682.9393208679584,390.19624674669325,1060.7954404574245
1106,683.1553878395298,394.25922580748914,1069.4463783723104
1107,683.2530319963981,394.5912484684987,1063.2866248030027
1108,683.4742889097796,392.27208393611954,1063.2670200087543
1109,683.5581466560418,393.1246882540852,1065.0901818927814
1110,683.6336905730553,393.1321482530795,1057.866601481558
1111,683.8378665742691,395.0645612439821,1056.982597155101
1112,684.0588160517407,392.5684982119807,1054.173725713892
1113,684.1175833586344,392.85757202866085,1052.589796844198
1114,684.2184605483608,392.1255212323893,1056.5359308614984
1115,684.139507770757,388.95226599647225,1056.6857929418998
1116,684.2381790636831,390.80934980212584,1056.1054640275156
1117,684.3389644161065,391.17347429094605,1063.503619092504
1118,684.324889851888,391.873684643108,1061.1851767810103
1119,684.5154302123159,390.00218518646096,1060.3772585298084
1120,684.5918991907894,389.409101034704,1066.404512751794
1121,684.7761575085068,389.96635163685113,1070.9915908514527
1122,685.0373955461305,387.8812981387912,1066.1716063223796
1123,685.409431122946,387.1980219184956,1068.1122273477688
1124,685.5136392023271,388.5820728353732,1069.1311326672944
1125,685.7096261188545,391.2619313736947,1071.3329733158937
1126,685.6900024896584,390.0028094300686,1076.5074030438507
1127,685.9533405608537,392.61326204478564,1078.2636492946024
1128,686.2776594045054,392.28708459376793,1073.5311560448267
1129,686.0122282264084,390.6677278072033,1080.4782022136292
1130,685.7509649552965,387.1464829931744,1076.316890690709
1131,686.2971933701898,387.58334653195976,1084.3844593554118
1132,686.4797618967552,390.53652955155064,1088.3612536878131
1133,686.5740513202155,392.4101026934167,1084.7476556558993
1134,687.0119172737412,390.905474639002,1081.040085467316
1135,687.2449566621947,392.7630532478672,1086.4822023232082
1136,687.4142323604162,393.1709019858507,1083.4981343632846
1137,687.82063386105,393.04844106478936,1093.1049900367075
1138,688.1358183435634,390.80029545568055,1095.7153561291511
1139,688.1367214039698,392.7788787969005,1103.2629167754335
1140,688.1130140411733,388.3493514097523,1096.4740878334653
1141,688.1410284931,386.3614466193001,1099.6062343634746
1142,688.4116525286555,385.1460142927249,1096.7060958061425
1143,688.7609302433011,384.10982323412395,1094.1000949364998
1144,688.5946759912332,381.24070687663766,1089.422328640078
1145,688.823144042538,384.4321617603073,1096.5035579356968
1146,689.0233864200897,383.95903025181883,1100.573764028386
1147,688.9260902205574,383.35499658138014,1094.2160320911112
1148,689.1129654880135,384.3093257928787,1091.861664347768
1149,688.7878677189116,387.91497853342827,1100.7108848003465
1150,689.4582201216226,385.8563245381955,1092.905517045274
1151,689.2700060311971,387.8472983829557,1088.7755314036547
1152,689.3884731738281,390.03968038034776,1087.8354787341002
1153,689.3817340911008,388.4224330865825,1092.0930371842248
1154,689.6938363027591,388.3208400923386,1094.3416174858526
1155,689.458166342365,388.7271124052688,1090.4157140481523
1156,689.6332711213579,388.86175500259384,1099.4390872710712
1157,689.6350297232777,389.40393728266883,1099.1614489850044
1158,689.7488404730849,384.8244372758053,1097.306331798691
1159,689.9468021153604,383.0690179335601,1094.149833790769
1160,690.1800384082954,386.109323788249,1088.1880368958693
1161,690.4832299151961,389.4757519427106,1089.3959056678677
1162,690.7432589863142,388.47303623967315,1095.7841164300864
1163,691.0858589959479,391.59535990230154,1090.5824261454004
1164,691.84513479723,393.0883114074757,1099.560008972273
1165,692.2485816038784,394.09651999276326,1103.9470910724374
1166,691.9191838647855,392.4838445983464,1103.6843176306882
1167,692.4335159123666,391.3583260698587,1096.655311937212
1168,692.5956059568226,390.6972516065798,1090.5415232818505
1169,692.7320175796124,389.8526998372206,1100.930904629437
1170,692.6568942657872,390.94318530870015,1099.6312125898392
1171,693.0167697535717,389.36368011141224,1106.2876555368664
1172,692.828708176863,388.01660717179897,1110.2194447070772
1173,692.7715952378882,387.9838787200589,1110.7620853875894
1174,693.0950122297509,386.6183962482178,1111.4303852833634
1175,693.0052160003103,388.7246255369763,1115.8493287156743
1176,693.1616749254804,388.1694343335242,1113.569947430273
1177,693.2080549837401,389.11095895806955,1110.8647435966147
1178,693.4215978147248,389.3670375815119,1111.0247673822564
1179,693.4818658721545,387.75927587484404,1107.096400244062
1180,693.3824590217125,387.0293612690504,1102.9209827879233
1181,693.601008861438,387.3924346677879,1108.7713742196759
1182,693.5725961769374,384.9445297196579,1104.3923696138802
1183,694.0724768531338,386.28468072335613,1097.6649255886944
1184,694.121887919663,385.98780462625706,1105.4044288060154
1185,694.1080745540057,385.41544587821437,1107.8562820795667
1186,694.3491489374358,384.8526436869681,1102.7410973216806
1187,694.4987065447157,385.66563403279423,1103.6906820916756
1188,694.5472850513221,388.1480090409828,1099.7067143670654
1189,694.8398332151461,386.8479665112099,1111.719645440386
1190,695.2246493148334,386.1093178740234,1102.9498335675858
1191,695.2936719567532,384.98379370594523,1106.8049443497237
1192,695.5966906832896,385.47793744652637,1101.4880533907549
1193,695.9793962582634,385.3290008258051,1097.7315502163076
1194,696.0163510313259,385.0876771081843,1098.8196716108614
1195,695.610624593521,385.1271305175658,1105.8026287000494
1196,695.4640383790816,384.5819040140148,1105.7376037219385
1197,695.5779740998296,388.29224970979556,1111.4019395144685
1198,695.5650017619303,387.1092007204207,1114.1041639091543
1199,695.5429668473048,384.5472562790936,1113.8586926838211
1200,695.5711097883728,382.3001714291233,1119.1431921485694
1201,695.7887534113263,385.0265235723347,1115.3774435322314
1202,696.2731189831596,386.3703164522253,1122.9237062919594
1203,696.4483018428953,384.98912324642725,1119.217919665779
1204,696.8861200790834,388.26489578885474,1116.5798254848937
1205,697.2931553288457,385.453687395939,1114.3785461810783
1206,697.5311520841549,384.2718378674994,1116.6153112116508
1207,697.885101290695,384.0536481884596,1116.7457993822331
1208,697.9746133758175,381.67161933125163,1120.622370636166
1209,698.4035925042037,382.25066851508564,1119.5319427319293
1210,698.4745013869866,383.5411349436545,1121.6468569060278
1211,698.2096590430276,383.65288152566563,1126.0776496835567
1212,698.3363084022495,385.26106956567213,1119.456392745678
1213,698.5974632782728,383.84861305664947,1120.9609056819966
1214,698.9322471737963,384.4839660578875,1118.4114780888192
1215,698.9920318407364,379.7891081189102,1123.137801310764
1216,698.9697116043421,384.31837465079,1120.919301186905
1217,699.0032738425099,384.03019848088087,1126.8283062247597
1218,699.056402290072,386.1295122737964,1129.0461823506807
1219,698.8826957875204,386.5426502630947,1138.0255190854848
1220,698.968690404723,384.9012134181889,1132.8697119637757
1221,698.9279540369556,386.4022990953,1126.7890899322456
1222,699.2065133524478,385.6127750509548,1128.0604871745008
1223,698.9926210611601,385.7615306480395,1123.1438993905929
1224,699.0067000410181,387.79182962932475,1125.4564903672099
1225,699.079227008571,388.56902184518583,1123.2237834905352
1226,699.4422483775427,389.14882052124034,1124.3773639281426
1227,699.5928225893849,386.9242983391747,1124.8476823325127
1228,699.9863551264127,388.22616766003136,1121.5248318168256
1229,700.1058797929081,390.7631697548607,1116.5022360803096
1230,700.1914817304216,389.00416785845533,1122.17231598548
1231,700.0578488013412,388.5932969603178,1122.511522024884
1232,700.5731978032618,389.29227873810987,1122.5994168681218
1233,700.4847857567562,388.54702934186497,1121.697435254881
1234,700.6761286328575,389.4383451319319,1121.7389966265234
1235,700.8010262735668,387.55939749020916,1116.8884043608741
1236,700.810699449085,388.2033666984553,1120.4817525705498
1237,700.9637984181569,386.8687121622989,1113.5296072547749
1238,701.1701466107254,387.0124190827505,1113.4694512282306
1239,701.4039981316058,388.26059249017624,1117.7211025213585
1240,701.2885437031723,388.19925781769984,1121.221095443869
1241,701.3634962001483,386.5999733604701,1116.9764700666312
1242,701.0159569628308,386.8047133631433,1117.0683856070734
1243,700.9053003704907,386.7741174986555,1120.6743253827813
1244,701.2830610524322,387.800915272124,1123.391170022133
1245,701.2197050148872,387.53172981466224,1123.2715078987476
1246,701.4302865387137,385.66902773782664,1123.4032165407243
1247,701.6592786330764,387.57433313736317,1122.0743037395605
1248,701.7852087145369,386.33524986587514,1126.0726735822316
1249,701.8906660944215,386.6205440176095,1130.4608837449039
1250,702.2889594102879,384.7276162623967,1124.8255638754354
1251,702.8393802937566,386.58233780203125,1137.485692677388
1252,703.1666121804341,386.0037502076553,1137.3731490808898
1253,703.462460536832,386.7167799928071,1137.3015850116024
1254,703.2422068818054,388.4013138811954,1134.495015700247
1255,703.7527597263977,385.65649812202776,1140.0292584104127
1256,703.9134194156039,388.2265082773169,1134.322469677533
1257,704.2964158587113,387.83320900002605,1148.3978738248593
1258,704.5928433390771,388.47153010872097,1133.8732133040444
1259,704.6724547143957,386.4605717810061,1136.2454271190102
